Entity,Code,Day,Total confirmed cases of COVID-19 per million people,Week Number,Cumulative,Weekly new cases
United States,USA,2021/1/4,60013.81,2021-W2,60013.81,
United States,USA,2021/1/5,60615.383,2021-W2,,
United States,USA,2021/1/6,61125.77,2021-W2,,
United States,USA,2021/1/7,61835.63,2021-W2,,
United States,USA,2021/1/8,62590.312,2021-W2,,
United States,USA,2021/1/9,63380.176,2021-W2,,
United States,USA,2021/1/10,64235.45,2021-W2,64235.45,4221.64
United States,USA,2021/1/11,64985.867,2021-W3,,
United States,USA,2021/1/12,65643.15,2021-W3,,
United States,USA,2021/1/13,66240.81,2021-W3,,
United States,USA,2021/1/14,66878.45,2021-W3,,
United States,USA,2021/1/15,67541.28,2021-W3,,
United States,USA,2021/1/16,68195.92,2021-W3,,
United States,USA,2021/1/17,68890.78,2021-W3,68890.78,4655.33
United States,USA,2021/1/18,69504.22,2021-W4,,0
United States,USA,2021/1/19,70050.53,2021-W4,,0
United States,USA,2021/1/20,70502.04,2021-W4,,0
United States,USA,2021/1/21,70941.914,2021-W4,,0
United States,USA,2021/1/22,71493.15,2021-W4,,0
United States,USA,2021/1/23,72042.57,2021-W4,,0
United States,USA,2021/1/24,72597.18,2021-W4,72597.18,3706.4
United States,USA,2021/1/25,73081.79,2021-W5,,0
United States,USA,2021/1/26,73496.26,2021-W5,,0
United States,USA,2021/1/27,73893.266,2021-W5,,0
United States,USA,2021/1/28,74320.58,2021-W5,,0
United States,USA,2021/1/29,74786.02,2021-W5,,0
United States,USA,2021/1/30,75245.195,2021-W5,,0
United States,USA,2021/1/31,75726.08,2021-W5,75726.08,3128.9
United States,USA,2021/2/1,76132.55,2021-W6,,0
United States,USA,2021/2/2,76460.3,2021-W6,,0
United States,USA,2021/2/3,76838.13,2021-W6,,0
United States,USA,2021/2/4,77193.38,2021-W6,,0
United States,USA,2021/2/5,77511.56,2021-W6,,0
United States,USA,2021/2/6,77870.586,2021-W6,,0
United States,USA,2021/2/7,78236.08,2021-W6,78236.08,2510
United States,USA,2021/2/8,78558.68,2021-W7,,0
United States,USA,2021/2/9,78830.78,2021-W7,,0
United States,USA,2021/2/10,79067.14,2021-W7,,0
United States,USA,2021/2/11,79334.805,2021-W7,,0
United States,USA,2021/2/12,79622.74,2021-W7,,0
United States,USA,2021/2/13,79914.21,2021-W7,,0
United States,USA,2021/2/14,80199.484,2021-W7,80199.484,1963.404
United States,USA,2021/2/15,80449.01,2021-W8,,0
United States,USA,2021/2/16,80646.39,2021-W8,,0
United States,USA,2021/2/17,80816.41,2021-W8,,0
United States,USA,2021/2/18,80982.93,2021-W8,,0
United States,USA,2021/2/19,81169.64,2021-W8,,0
United States,USA,2021/2/20,81370.41,2021-W8,,0
United States,USA,2021/2/21,81585.836,2021-W8,81585.836,1386.352
United States,USA,2021/2/22,81777.65,2021-W9,,0
United States,USA,2021/2/23,81943.45,2021-W9,,0
United States,USA,2021/2/24,82106.89,2021-W9,,0
United States,USA,2021/2/25,82312.33,2021-W9,,0
United States,USA,2021/2/26,82524.19,2021-W9,,0
United States,USA,2021/2/27,82734.99,2021-W9,,0
United States,USA,2021/2/28,82949.54,2021-W9,82949.54,1363.704
United States,USA,2021/3/1,83149.516,2021-W10,,0
United States,USA,2021/3/2,83303.44,2021-W10,,0
United States,USA,2021/3/3,83453.09,2021-W10,,0
United States,USA,2021/3/4,83610.51,2021-W10,,0
United States,USA,2021/3/5,83803.875,2021-W10,,0
United States,USA,2021/3/6,83993.78,2021-W10,,0
United States,USA,2021/3/7,84181.445,2021-W10,84181.445,1231.905
United States,USA,2021/3/8,84350.42,2021-W11,,0
United States,USA,2021/3/9,84478.54,2021-W11,,0
United States,USA,2021/3/10,84603.58,2021-W11,,0
United States,USA,2021/3/11,84761.945,2021-W11,,0
United States,USA,2021/3/12,84942.76,2021-W11,,0
United States,USA,2021/3/13,85117.75,2021-W11,,0
United States,USA,2021/3/14,85305.79,2021-W11,85305.79,1124.345
United States,USA,2021/3/15,85458.84,2021-W12,,0
United States,USA,2021/3/16,85597.13,2021-W12,,0
United States,USA,2021/3/17,85724.59,2021-W12,,0
United States,USA,2021/3/18,85876.27,2021-W12,,0
United States,USA,2021/3/19,86050.75,2021-W12,,0
United States,USA,2021/3/20,86235.5,2021-W12,,0
United States,USA,2021/3/21,86417.1,2021-W12,86417.1,1111.31
United States,USA,2021/3/22,86588.26,2021-W13,,0
United States,USA,2021/3/23,86720.68,2021-W13,,0
United States,USA,2021/3/24,86861.89,2021-W13,,0
United States,USA,2021/3/25,87030.79,2021-W13,,0
United States,USA,2021/3/26,87229.95,2021-W13,,0
United States,USA,2021/3/27,87421.34,2021-W13,,0
United States,USA,2021/3/28,87640.45,2021-W13,87640.45,1223.35
United States,USA,2021/3/29,87825.516,2021-W14,,0
United States,USA,2021/3/30,87981.445,2021-W14,,0
United States,USA,2021/3/31,88151.305,2021-W14,,0
United States,USA,2021/4/1,88332.23,2021-W14,,0
United States,USA,2021/4/2,88535.914,2021-W14,,0
United States,USA,2021/4/3,88751.66,2021-W14,,0
United States,USA,2021/4/4,88957.92,2021-W14,88957.92,1317.47
United States,USA,2021/4/5,89144.42,2021-W15,,0
United States,USA,2021/4/6,89278.29,2021-W15,,0
United States,USA,2021/4/7,89443.43,2021-W15,,0
United States,USA,2021/4/8,89629.81,2021-W15,,0
United States,USA,2021/4/9,89848.32,2021-W15,,0
United States,USA,2021/4/10,90069.19,2021-W15,,0
United States,USA,2021/4/11,90292.93,2021-W15,90292.93,1335.01
United States,USA,2021/4/12,90492.36,2021-W16,,0
United States,USA,2021/4/13,90648.234,2021-W16,,0
United States,USA,2021/4/14,90825.19,2021-W16,,0
United States,USA,2021/4/15,91036.61,2021-W16,,0
United States,USA,2021/4/16,91243.48,2021-W16,,0
United States,USA,2021/4/17,91452.82,2021-W16,,0
United States,USA,2021/4/18,91660.92,2021-W16,91660.92,1367.99
United States,USA,2021/4/19,91887,2021-W17,,0
United States,USA,2021/4/20,92031.45,2021-W17,,0
United States,USA,2021/4/21,92134.76,2021-W17,,0
United States,USA,2021/4/22,92302.586,2021-W17,,0
United States,USA,2021/4/23,92487.19,2021-W17,,0
United States,USA,2021/4/24,92667.195,2021-W17,,0
United States,USA,2021/4/25,92849.95,2021-W17,92849.95,1189.03
United States,USA,2021/4/26,93001.33,2021-W18,,0
United States,USA,2021/4/27,93120.92,2021-W18,,0
United States,USA,2021/4/28,93209.34,2021-W18,,0
United States,USA,2021/4/29,93356.664,2021-W18,,0
United States,USA,2021/4/30,93515.93,2021-W18,,0
United States,USA,2021/5/1,93678.85,2021-W18,,0
United States,USA,2021/5/2,93840.805,2021-W18,93840.805,990.855
United States,USA,2021/5/3,93982.375,2021-W19,,0
United States,USA,2021/5/4,94089.516,2021-W19,,0
United States,USA,2021/5/5,94186,2021-W19,,0
United States,USA,2021/5/6,94310.59,2021-W19,,0
United States,USA,2021/5/7,94441.01,2021-W19,,0
United States,USA,2021/5/8,94566.01,2021-W19,,0
United States,USA,2021/5/9,94696.72,2021-W19,94696.72,855.915
United States,USA,2021/5/10,94805.11,2021-W20,,0
United States,USA,2021/5/11,94885.74,2021-W20,,0
United States,USA,2021/5/12,94957.13,2021-W20,,0
United States,USA,2021/5/13,95053.97,2021-W20,,0
United States,USA,2021/5/14,95158.74,2021-W20,,0
United States,USA,2021/5/15,95277.14,2021-W20,,0
United States,USA,2021/5/16,95379.95,2021-W20,95379.95,683.23
United States,USA,2021/5/17,95467.32,2021-W21,,0
United States,USA,2021/5/18,95529.91,2021-W21,,0
United States,USA,2021/5/19,95586.86,2021-W21,,0
United States,USA,2021/5/20,95667.79,2021-W21,,0
United States,USA,2021/5/21,95748.28,2021-W21,,0
United States,USA,2021/5/22,95830.11,2021-W21,,0
United States,USA,2021/5/23,95911.7,2021-W21,95911.7,531.75
United States,USA,2021/5/24,95976.77,2021-W22,,0
United States,USA,2021/5/25,96023.71,2021-W22,,0
United States,USA,2021/5/26,96066.93,2021-W22,,0
United States,USA,2021/5/27,96138.87,2021-W22,,0
United States,USA,2021/5/28,96207.6,2021-W22,,0
United States,USA,2021/5/29,96271.93,2021-W22,,0
United States,USA,2021/5/30,96344.484,2021-W22,96344.484,432.784
United States,USA,2021/5/31,96390.24,2021-W23,,0
United States,USA,2021/6/1,96426.41,2021-W23,,0
United States,USA,2021/6/2,96453.95,2021-W23,,0
United States,USA,2021/6/3,96480.12,2021-W23,,0
United States,USA,2021/6/4,96527.1,2021-W23,,0
United States,USA,2021/6/5,96580.25,2021-W23,,0
United States,USA,2021/6/6,96634.69,2021-W23,96634.69,290.206
United States,USA,2021/6/7,96677.83,2021-W24,,0
United States,USA,2021/6/8,96710.28,2021-W24,,0
United States,USA,2021/6/9,96739.26,2021-W24,,0
United States,USA,2021/6/10,96781.17,2021-W24,,0
United States,USA,2021/6/11,96838.67,2021-W24,,0
United States,USA,2021/6/12,96885.3,2021-W24,,0
United States,USA,2021/6/13,96926.2,2021-W24,96926.2,291.51
United States,USA,2021/6/14,96962.37,2021-W25,,0
United States,USA,2021/6/15,96987.9,2021-W25,,0
United States,USA,2021/6/16,97012.13,2021-W25,,0
United States,USA,2021/6/17,97049.07,2021-W25,,0
United States,USA,2021/6/18,97087.78,2021-W25,,0
United States,USA,2021/6/19,97127.26,2021-W25,,0
United States,USA,2021/6/20,97162.28,2021-W25,97162.28,236.08
United States,USA,2021/6/21,97198.44,2021-W26,,0
United States,USA,2021/6/22,97224.93,2021-W26,,0
United States,USA,2021/6/23,97250.016,2021-W26,,0
United States,USA,2021/6/24,97288.92,2021-W26,,0
United States,USA,2021/6/25,97329.445,2021-W26,,0
United States,USA,2021/6/26,97375.05,2021-W26,,0
United States,USA,2021/6/27,97418.875,2021-W26,97418.875,256.595
United States,USA,2021/6/28,97457.805,2021-W27,,0
United States,USA,2021/6/29,97489.06,2021-W27,,0
United States,USA,2021/6/30,97519.625,2021-W27,,0
United States,USA,2021/7/1,97565.05,2021-W27,,0
United States,USA,2021/7/2,97599.125,2021-W27,,0
United States,USA,2021/7/3,97653.55,2021-W27,,0
United States,USA,2021/7/4,97703,2021-W27,97703,284.125
United States,USA,2021/7/5,97741.62,2021-W28,,0
United States,USA,2021/7/6,97772.24,2021-W28,,0
United States,USA,2021/7/7,97799.02,2021-W28,,0
United States,USA,2021/7/8,97857.47,2021-W28,,0
United States,USA,2021/7/9,97923.75,2021-W28,,0
United States,USA,2021/7/10,98461.14,2021-W28,,0
United States,USA,2021/7/11,98541.89,2021-W28,98541.89,838.89
United States,USA,2021/7/12,98603.01,2021-W29,,0
United States,USA,2021/7/13,98651.98,2021-W29,,0
United States,USA,2021/7/14,98736.57,2021-W29,,0
United States,USA,2021/7/15,98838.984,2021-W29,,0
United States,USA,2021/7/16,98951.12,2021-W29,,0
United States,USA,2021/7/17,99069.87,2021-W29,,0
United States,USA,2021/7/18,99193.59,2021-W29,99193.59,651.7
United States,USA,2021/7/19,99287.695,2021-W30,,0
United States,USA,2021/7/20,99369.66,2021-W30,,0
United States,USA,2021/7/21,99501.984,2021-W30,,0
United States,USA,2021/7/22,99651.43,2021-W30,,0
United States,USA,2021/7/23,99830.95,2021-W30,,0
United States,USA,2021/7/24,100040.914,2021-W30,,0
United States,USA,2021/7/25,100244.81,2021-W30,100244.81,1051.22
United States,USA,2021/7/26,100402.32,2021-W31,,0
United States,USA,2021/7/27,100528.83,2021-W31,,0
United States,USA,2021/7/28,100737.43,2021-W31,,0
United States,USA,2021/7/29,100988.664,2021-W31,,0
United States,USA,2021/7/30,101249.69,2021-W31,,0
United States,USA,2021/7/31,101540.63,2021-W31,,0
United States,USA,2021/8/1,101846.664,2021-W31,101846.664,1601.854
United States,USA,2021/8/2,102082.56,2021-W32,,0
United States,USA,2021/8/3,102261.72,2021-W32,,0
United States,USA,2021/8/4,102561.56,2021-W32,,0
United States,USA,2021/8/5,102884.47,2021-W32,,0
United States,USA,2021/8/6,103255.836,2021-W32,,0
United States,USA,2021/8/7,103630.19,2021-W32,,0
United States,USA,2021/8/8,104022.305,2021-W32,104022.305,2175.641
United States,USA,2021/8/9,104374.4,2021-W33,,0
United States,USA,2021/8/10,104657.8,2021-W33,,0
United States,USA,2021/8/11,104930.24,2021-W33,,0
United States,USA,2021/8/12,105326.766,2021-W33,,0
United States,USA,2021/8/13,105746.87,2021-W33,,0
United States,USA,2021/8/14,106189.46,2021-W33,,0
United States,USA,2021/8/15,106617.84,2021-W33,106617.84,2595.535
United States,USA,2021/8/16,107027.31,2021-W34,,0
United States,USA,2021/8/17,107351.47,2021-W34,,0
United States,USA,2021/8/18,107670.49,2021-W34,,0
United States,USA,2021/8/19,108110.99,2021-W34,,0
United States,USA,2021/8/20,108603.37,2021-W34,,0
United States,USA,2021/8/21,109113.95,2021-W34,,0
United States,USA,2021/8/22,109604.266,2021-W34,109604.266,2986.426
United States,USA,2021/8/23,110019.52,2021-W35,,0
United States,USA,2021/8/24,110384,2021-W35,,0
United States,USA,2021/8/25,110737.77,2021-W35,,0
United States,USA,2021/8/26,111213.31,2021-W35,,0
United States,USA,2021/8/27,111731.28,2021-W35,,0
United States,USA,2021/8/28,112276.68,2021-W35,,0
United States,USA,2021/8/29,112810.07,2021-W35,112810.07,3205.804
United States,USA,2021/8/30,113249.33,2021-W36,,0
United States,USA,2021/8/31,113588.01,2021-W36,,0
United States,USA,2021/9/1,113993.83,2021-W36,,0
United States,USA,2021/9/2,114511.49,2021-W36,,0
United States,USA,2021/9/3,115090.14,2021-W36,,0
United States,USA,2021/9/4,115627.18,2021-W36,,0
United States,USA,2021/9/5,116160.4,2021-W36,116160.4,3350.33
United States,USA,2021/9/6,116575.47,2021-W37,,0
United States,USA,2021/9/7,116935.85,2021-W37,,0
United States,USA,2021/9/8,117275.51,2021-W37,,0
United States,USA,2021/9/9,117611.27,2021-W37,,0
United States,USA,2021/9/10,118112.66,2021-W37,,0
United States,USA,2021/9/11,118650.57,2021-W37,,0
United States,USA,2021/9/12,119154.445,2021-W37,119154.445,2994.045
United States,USA,2021/9/13,119604.016,2021-W38,,0
United States,USA,2021/9/14,119937.33,2021-W38,,0
United States,USA,2021/9/15,120285.67,2021-W38,,0
United States,USA,2021/9/16,120760.43,2021-W38,,0
United States,USA,2021/9/17,121238.06,2021-W38,,0
United States,USA,2021/9/18,121728.016,2021-W38,,0
United States,USA,2021/9/19,122192.08,2021-W38,122192.08,3037.635
United States,USA,2021/9/20,122550.97,2021-W39,,0
United States,USA,2021/9/21,122828.08,2021-W39,,0
United States,USA,2021/9/22,123116.125,2021-W39,,0
United States,USA,2021/9/23,123505.49,2021-W39,,0
United States,USA,2021/9/24,123894.125,2021-W39,,0
United States,USA,2021/9/25,124298.93,2021-W39,,0
United States,USA,2021/9/26,124687.56,2021-W39,124687.56,2495.48
United States,USA,2021/9/27,124969.13,2021-W40,,0
United States,USA,2021/9/28,125189.43,2021-W40,,0
United States,USA,2021/9/29,125503.66,2021-W40,,0
United States,USA,2021/9/30,125841.695,2021-W40,,0
United States,USA,2021/10/1,126183.67,2021-W40,,0
United States,USA,2021/10/2,126546.86,2021-W40,,0
United States,USA,2021/10/3,126900.19,2021-W40,126900.19,2212.63
United States,USA,2021/10/4,127140.19,2021-W41,,0
United States,USA,2021/10/5,127335.305,2021-W41,,0
United States,USA,2021/10/6,127604.14,2021-W41,,0
United States,USA,2021/10/7,127902.2,2021-W41,,0
United States,USA,2021/10/8,128248.36,2021-W41,,0
United States,USA,2021/10/9,128579.33,2021-W41,,0
United States,USA,2021/10/10,128897.016,2021-W41,128897.016,1996.826
United States,USA,2021/10/11,129103.695,2021-W42,,0
United States,USA,2021/10/12,129274.836,2021-W42,,0
United States,USA,2021/10/13,129503.1,2021-W42,,0
United States,USA,2021/10/14,129765.56,2021-W42,,0
United States,USA,2021/10/15,130047.555,2021-W42,,0
United States,USA,2021/10/16,130331.195,2021-W42,,0
United States,USA,2021/10/17,130601.79,2021-W42,130601.79,1704.774
United States,USA,2021/10/18,130786.26,2021-W43,,0
United States,USA,2021/10/19,130925.76,2021-W43,,0
United States,USA,2021/10/20,131137.52,2021-W43,,0
United States,USA,2021/10/21,131373.5,2021-W43,,0
United States,USA,2021/10/22,131597.58,2021-W43,,0
United States,USA,2021/10/23,131853.98,2021-W43,,0
United States,USA,2021/10/24,132090.78,2021-W43,132090.78,1488.99
United States,USA,2021/10/25,132196.53,2021-W44,,0
United States,USA,2021/10/26,132278.67,2021-W44,,0
United States,USA,2021/10/27,132525.97,2021-W44,,0
United States,USA,2021/10/28,132824,2021-W44,,0
United States,USA,2021/10/29,133070.53,2021-W44,,0
United States,USA,2021/10/30,133372.47,2021-W44,,0
United States,USA,2021/10/31,133631.44,2021-W44,133631.44,1540.66
United States,USA,2021/11/1,133733.77,2021-W45,,0
United States,USA,2021/11/2,133807.98,2021-W45,,0
United States,USA,2021/11/3,134153.03,2021-W45,,0
United States,USA,2021/11/4,134371.44,2021-W45,,0
United States,USA,2021/11/5,134602.06,2021-W45,,0
United States,USA,2021/11/6,134862.22,2021-W45,,0
United States,USA,2021/11/7,135125.31,2021-W45,135125.31,1493.87
United States,USA,2021/11/8,135230.69,2021-W46,,0
United States,USA,2021/11/9,135322.98,2021-W46,,0
United States,USA,2021/11/10,135663.78,2021-W46,,0
United States,USA,2021/11/11,135906.45,2021-W46,,0
United States,USA,2021/11/12,136180.95,2021-W46,,0
United States,USA,2021/11/13,136396.58,2021-W46,,0
United States,USA,2021/11/14,136756.72,2021-W46,136756.72,1631.41
United States,USA,2021/11/15,136959.56,2021-W47,,0
United States,USA,2021/11/16,137057.92,2021-W47,,0
United States,USA,2021/11/17,137449.06,2021-W47,,0
United States,USA,2021/11/18,137732.83,2021-W47,,0
United States,USA,2021/11/19,138042.64,2021-W47,,0
United States,USA,2021/11/20,138405.33,2021-W47,,0
United States,USA,2021/11/21,138738.6,2021-W47,138738.6,1981.88
United States,USA,2021/11/22,138873.84,2021-W48,,0
United States,USA,2021/11/23,138987.31,2021-W48,,0
United States,USA,2021/11/24,139412.97,2021-W48,,0
United States,USA,2021/11/25,139708.89,2021-W48,,0
United States,USA,2021/11/26,140020.81,2021-W48,,0
United States,USA,2021/11/27,140233.75,2021-W48,,0
United States,USA,2021/11/28,140473.1,2021-W48,140473.1,1734.5
United States,USA,2021/11/29,140624.77,2021-W49,,0
United States,USA,2021/11/30,140790.31,2021-W49,,0
United States,USA,2021/12/1,141064.02,2021-W49,,0
United States,USA,2021/12/2,141417.39,2021-W49,,0
United States,USA,2021/12/3,141807.03,2021-W49,,0
United States,USA,2021/12/4,142228.27,2021-W49,,0
United States,USA,2021/12/5,142672.05,2021-W49,142672.05,2198.95
United States,USA,2021/12/6,142869.27,2021-W50,,0
United States,USA,2021/12/7,143031.22,2021-W50,,0
United States,USA,2021/12/8,143570.1,2021-W50,,0
United States,USA,2021/12/9,143937.69,2021-W50,,0
United States,USA,2021/12/10,144317.47,2021-W50,,0
United States,USA,2021/12/11,144719.86,2021-W50,,0
United States,USA,2021/12/12,145116.81,2021-W50,145116.81,2444.76
United States,USA,2021/12/13,145304.11,2021-W51,,0
United States,USA,2021/12/14,145474.25,2021-W51,,0
United States,USA,2021/12/15,146017.92,2021-W51,,0
United States,USA,2021/12/16,146385.22,2021-W51,,0
United States,USA,2021/12/17,146814.1,2021-W51,,0
United States,USA,2021/12/18,147290.38,2021-W51,,0
United States,USA,2021/12/19,147749.38,2021-W51,147749.38,2632.57
United States,USA,2021/12/20,148005.81,2021-W52,,0
United States,USA,2021/12/21,148305.1,2021-W52,,0
United States,USA,2021/12/22,149084.39,2021-W52,,0
United States,USA,2021/12/23,149679.7,2021-W52,,0
United States,USA,2021/12/24,150376.22,2021-W52,,0
United States,USA,2021/12/25,151192.58,2021-W52,,0
United States,USA,2021/12/26,151899.53,2021-W52,151899.53,4150.15
United States,USA,2021/12/27,152238.66,2021-W53,,0
United States,USA,2021/12/28,152857.3,2021-W53,,0
United States,USA,2021/12/29,154217.31,2021-W53,,0
United States,USA,2021/12/30,155357.8,2021-W53,,0
United States,USA,2021/12/31,156746.56,2021-W53,156746.56,0